{
  "val": {
    "val_roc_auc": {
      "clinical": 0.8842364532019705,
      "rna": 0.7093596059113301
    },
    "val_ap": {
      "clinical": 0.8262493359134417,
      "rna": 0.5752225373193115
    }
  },
  "test": {
    "test_roc_auc": {
      "clinical": 0.7857142857142857,
      "rna": 0.6238095238095238
    },
    "test_ap": {
      "clinical": 0.675041758829918,
      "rna": 0.47917355983615384
    }
  }
}