{
  "val": {
    "val_roc_auc": {
      "clinical": 0.8842364532019705,
      "rna": 0.7192118226600985
    },
    "val_ap": {
      "clinical": 0.8262493359134417,
      "rna": 0.5820064226314225
    }
  },
  "test": {
    "test_roc_auc": {
      "clinical": 0.7857142857142857,
      "rna": 0.6142857142857143
    },
    "test_ap": {
      "clinical": 0.675041758829918,
      "rna": 0.4738114176303849
    }
  }
}